Key,Chapter,JP_School,EN_School,KO_School,TC_School,JP_Class,EN_Class,KO_Class,TC_Class,JP_Name,EN_Name,KO_Name,TC_Name,JP_Description,EN_Description,KO_Description,TC_Description,JP_Age,EN_Age,KO_Age,TC_Age
1,3,白檀高等学校,Byakudan Senior High School,뱌쿠단고등학교,白檀高等學校,2年4組,Class 2-4,2학년 4반,2年4班,山本 美月,Mitsuki Yamamoto,야마모토 미츠키,山本 美月,背中を刃物で斬りつけられ失血死。,Back slashed open with edged weapon; bled out.,날붙이에 등을 베여 실혈사.,背部遭刃物砍傷導致失血死亡。,"享年１７歳
",Age : 17,"향년 17세
",享年17歲
2,5,白檀高等学校,Byakudan Senior High School,뱌쿠단고등학교,白檀高等學校,2年4組,Class 2-4,2학년 4반,2年4班,黒崎 健介,Kensuke Kurosaki,쿠로사키 켄스케,黒崎 健介,刃物で何度も斬り付けられ死亡。,Body repeatedly flayed with edged weapon.,날붙이에 수차례 베여 사망.,遭刃物多次砍殺身亡。,"享年１６歳
",Age : 16,"항년 16세
",享年16歲
3,5,白檀高等学校,Byakudan Senior High School,뱌쿠단고등학교,白檀高等學校,2年4組,Class 2-4,2학년 4반,2年4班,霧崎 凍孤,Tohko Kirisaki,키리사키 토우코,霧崎 凍孤,鋏で自らの舌を切り取り窒息死。,"Cut out own tongue with scissors and choked
on it.",가위로 자신의 혀를 잘라 질식사.,用剪刀剪下自己的舌頭導致窒息死亡。,"享年１７歳
",Age : 17,"향년 17세
",享年17歲
4,2,白檀高等学校,Byakudan Senior High School,뱌쿠단고등학교,白檀高等學校,2年4組,Class 2-4,2학년 4반,2年4班,片山 良介,Ryosuke Katayama,카타야마 료스케,片山 良介,階段から突き落とされ複雑骨折、失血死。,Pushed down stairs; suffered compound fracture and bled out.,계단에서 떠밀려 복합 골절、실혈사.,被推下樓梯導致複雜性骨折並失血死亡。,"享年１７歳
",Age : 17,"향년 17세
",享年17歲
5,2,白檀高等学校,Byakudan Senior High School,뱌쿠단고등학교,白檀高等學校,2年4組,Class 2-4,2학년 4반,2年4班,大川 智寛,Tomohiro Ohkawa,오오카와 토모히로,大川 智寛,刃物で斬り付けられ失血死。,Sliced up with edged weapon; bled out.,날붙이에 베여 실혈사.,遭刃物砍傷導致失血死亡。,"享年１７歳
",Age : 17,"향년 17세
",享年17歲
6,2,白檀高等学校,Byakudan Senior High School,뱌쿠단고등학교,白檀高等學校,2年4組,Class 2-4,2학년 4반,2年4班,島田 快,Kai Shimada,시마다 카이,島田 快,刃物で斬り付けられ失血死。,Sliced up with edged weapon; bled out.,날붙이에 베여 실혈사.,遭刃物砍傷導致失血死亡。,"享年１７歳
",Age : 17,"향년 17세
",享年17歲
7,2,白檀高等学校,Byakudan Senior High School,뱌쿠단고등학교,白檀高等學校,2年4組,Class 2-4,2학년 4반,2年4班,袋井 雅人,Masato Fukuroi,후쿠로이 마사토,袋井 雅人,鈍器で殴られた上に刃物で刺され失血死。,Struck with one weapon and stabbed with another; bled out.,둔기에 맞고 흉기에 찔려 실혈사.,遭鈍器毆打後又被刃物刺傷導致失血死亡。,"享年１７歳
",Age : 17,"향년 17세
",享年17歲
8,3,白檀高等学校,Byakudan Senior High School,뱌쿠단고등학교,白檀高等學校,2年4組,Class 2-4,2학년 4반,2年4班,卜部 恵美,Emi Urabe,우라베 에미,卜部 恵美,鈍器で頭蓋を割られ死亡。,Skull cracked open with blunt instrument.,둔기에 맞아 두개골이 깨져 사망.,遭鈍器擊碎頭蓋骨而死亡。,"享年１６歳
",Age : 16,"항년 16세
",享年16歲
9,5,白檀高等学校,Byakudan Senior High School,뱌쿠단고등학교,白檀高等學校,2年4組,Class 2-4,2학년 4반,2年4班,刻命 裕也,Yuuya Kizami,키자미 유야,刻命 裕也,何者かに鈍器で撲殺される。亡骸の所在は不明。,Beaten to death with blunt instrument. Whereabouts of body unknown.,누군가의 둔기에 의해 타살. 시체의 소재는 불명.,遭不明人士以鈍器毆打致死。遺體下落不明。,"享年１７歳
",Age : 17,"향년 17세
",享年17歲
10,5,天道高等学校,Tendo Senior High School,텐도고등학교,天道高等學校,Ⅱ-A,Class Ⅱ-A,Ⅱ-A,Ⅱ-A,林 雅之,Masayuki Hayashi,하야시 마사유키,林 雅之,トラップにかかり失血死。,Caught in trap; bled out.,트랩에 걸려 실혈사.,中陷阱後失血死亡。,"１６歳
",Age : 16,"16세
",16歲
11,4,天道高等学校,Tendo Senior High School,텐도고등학교,天道高等學校,Ⅱ-A,Class Ⅱ-A,Ⅱ-A,Ⅱ-A,久間田 勇也,Yuuya Kumada,쿠마다 유야,久間田 勇也,はぐれた友人を捜しまわる内に餓死。,Starved to death while searching for friend.,친구를 찾아다니던 중 아사.,在尋找失散朋友的過程中餓死。,"享年１７歳
",Age : 17,"향년 17세
",享年17歲
12,5,天道高等学校,Tendo Senior High School,텐도고등학교,天道高等學校,Ⅱ-C,Class Ⅱ-C,Ⅱ-C,Ⅱ-C,碑文谷 恭介,Kyosuke Himonya,히몬야 쿄스케,碑文谷 恭介,トラップにかかり腕を断裂、失血死。,Caught in trap and ripped arm from body; bled out.,트랩에 걸려 팔이 절단、실혈사.,中陷阱導致手臂斷裂，失血死亡。,"享年１７歳
",Age : 17,"향년 17세
",享年17歲
13,5,天道高等学校,Tendo Senior High School,텐도고등학교,天道高等學校,Ⅲ-B,Class Ⅲ-B,Ⅲ-B,Ⅲ-B,秀樹 タチバナ,Hideki Tachibana,히데키 타치바나,秀樹 タチバナ,何者かに首を絞められ殺害される。,Strangled to death by unknown assailant.,누군가에게 목을 졸려 사망.,遭不明人士絞殺。,"享年１８歳
",Age : 18,"향년 18세
",享年18歲
14,5,天道高等学校,Tendo Senior High School,텐도고등학교,天道高等學校,Ⅲ-B,Class Ⅲ-B,Ⅲ-B,Ⅲ-B,長谷川 カオリ,Kaori Hasegawa,하세가와 카오리,長谷川 カオリ,鈍器で体中の骨を砕かれショック死,Blunt force trauma and multiple fractures; died from pain.,둔기로 맞아 온몸의 뼈가 부서져 쇼크사.,遭鈍器擊碎全身骨骼導致休克死亡。,"享年１８歳
",Age : 18,"향년 18세
",享年18歲
15,5,天道高等学校,Tendo Senior High School,텐도고등학교,天道高等學校,Ⅱ-A,Class Ⅱ-A,Ⅱ-A,Ⅱ-A,長谷川 シホ,Shiho Hasegawa,하세가와 시호,長谷川 シホ,足の腱を鋏で切られ、歩けないまま失血死。,"Immobilized when tendons in leg were snipped;
bled out.",가위로 발의 힘줄을 잘려 움직이지 못한 채 실혈사.,腳筋被剪刀剪斷，無法行動而失血死亡。,"享年１６歳
",Age : 16,"항년 16세
",享年16歲
16,5,尼咲市立西高等学校,Amazaki West Senior Private School,아마자키시립서고등학교,尼咲市立西高等學校,2年4組,Class 2-4,2학년 4반,2年4班,瀬戸 エリヤ,Eriya Seto,세토 에리야,瀬戸 エリヤ,階段から落下して頚椎損傷。,Fell down stairs; died from spinal injuries.,계단에서 떨어져 경추 손상.,從樓梯跌落導致頸椎損傷而死亡。,"享年１７歳
",Age : 17,"향년 17세
",享年17歲
17,4,尼咲市立西高等学校,Amazaki West Senior Private School,아마자키시립서고등학교,尼咲市立西高等學校,2年4組,Class 2-4,2학년 4반,2年4班,松原 智,Satoshi Matsubara,마츠바라 사토시,松原 智,汚水を飲み、ショック死。,Drank contaminated water; died vomiting.,오수를 마셔 쇼크사.,飲用污水後休克死亡。,"享年１６歳
",Age : 16,"항년 16세
",享年16歲
18,4,尼咲市立西高等学校,Amazaki West Senior Private School,아마자키시립서고등학교,尼咲市立西高等學校,2年4組,Class 2-4,2학년 4반,2年4班,小島 英将,Hidemasa Kojima,코지마 히데마사,小島 英将,自分の血を飲もうとして失血死。,Attempted to drink own blood; bled to death.,자기 피를 마시려다 실혈사.,試圖喝自己的血導致失血死亡。,"享年１７歳
",Age : 17,"향년 17세
",享年17歲
19,3,尼咲市立西高等学校,Amazaki West Senior Private School,아마자키시립서고등학교,尼咲市立西高等學校,2年4組,Class 2-4,2학년 4반,2年4班,本村 隆幸,Takayuki Motomura,모토무라 타카유키,本村 隆幸,妹の亡骸を発見、ショックを受け後を追う。,Suicide upon discovering little sister's lifeless remains.,여동생의 유해를 발견하고 충격을 받아 그 뒤를 따른다.,發現妹妹的遺體後受到衝擊而隨之而去。,"享年１７歳
",Age : 17,"향년 17세
",享年17歲
20,3,尼咲市立西高等学校,Amazaki West Senior Private School,아마자키시립서고등학교,尼咲市立西高等學校,2年4組,Class 2-4,2학년 4반,2年4班,本村 寛子,Hiroko Motomura,모토무라 히로코,本村 寛子,脱水症状で衰弱死。,Withered away from dehydration.,탈수 증세로 쇠약사.,因脫水症狀導致衰竭死亡。,"享年１６歳
",Age : 16,"항년 16세
",享年16歲
22,4,レクサーヌ高等学校,Lexern Senior High School,렉산고등학교,雷克薩努高等學校,3年2組,Class 3-2,3학년 2반,3年2班,神崎 蛍,Hotaru Kanzaki,칸자키 호타루,神崎 蛍,脱出を諦め、恋人と自害する事を選ぶ。,Gave up on escaping and committed suicide with beloved.,탈출을 포기하고 연인과 자해하는 길을 택한다.,放棄逃脫，選擇與戀人一同自盡。,"享年１７歳
",Age : 17,"향년 17세
",享年17歲
23,4,レクサーヌ高等学校,Lexern Senior High School,렉산고등학교,雷克薩努高等學校,2年4組,Class 2-4,2학년 4반,2年4班,湊川 名雪,Nayuki Minatogawa,미나토가와 나유키,湊川 名雪,脱出を諦め、恋人と自害する事を選ぶ。,Gave up on escaping and committed suicide with beloved.,탈출을 포기하고 연인과 자해하는 길을 택한다.,放棄逃脫，選擇與戀人一同自盡。,"享年１６歳
",Age : 16,"항년 16세
",享年16歲
24,4,レクサーヌ高等学校,Lexern Senior High School,렉산고등학교,雷克薩努高等學校,3年2組,Class 3-2,3학년 2반,3年2班,荒井 拓哉,Takuya Arai,아라이 타쿠야,荒井 拓哉,水練場で死亡したが気づいていない。,Died in pool、 but is unaware of own demise.,수영장에서 사망했지만 인지하지 못한다.,在游泳池中死亡但本人並未察覺。,"享年１８歳
",Age : 18,"향년 18세
",享年18歲
25,2,レクサーヌ高等学校,Lexern Senior High School,렉산고등학교,雷克薩努高等學校,3年2組,Class 3-2,3학년 2반,3年2班,工藤 映美,Emi Kudou,쿠도 에미,工藤 映美,友人に食料として体を差し出し死亡。,Willingly offered own flesh as food to sustain friend.,친구에게 자신의 몸을 먹으라고 주고는 사망.,自願將自己的身體作為食物提供給朋友後死亡。,"享年１７歳
",Age : 17,"향년 17세
",享年17歲
26,3,レクサーヌ高等学校,Lexern Senior High School,렉산고등학교,雷克薩努高等學校,2年4組,Class 2-4,2학년 4반,2年4班,高橋 奈央,Nao Takahashi,타카하시 나오,高橋 奈央,脱水症状による衰弱死。,Withered away from dehydration.,탈수 증세로 인한 쇠약사.,因脫水症狀導致衰竭死亡。,"享年１７歳
",Age : 17,"향년 17세
",享年17歲
27,3,レクサーヌ高等学校,Lexern Senior High School,렉산고등학교,雷克薩努高等學校,2年4組,Class 2-4,2학년 4반,2年4班,木村 かおり,Kaori Kimura,키무라 카오리,木村 かおり,地震に起因する怪我による失血死。,Wounded during earthquake; bled out.,지진으로 인한 부상으로 실혈사.,因地震造成的傷害導致失血死亡。,"享年１７歳
",Age : 17,"향년 17세
",享年17歲
28,4,愛染中学校,Aizome Junior High School,아이조메중학교,愛染中學校,Ⅱ-6,Class Ⅱ-6,Ⅱ-6,Ⅱ-6,田中 ヒルネ,Hirune Tanaka,타나카 히루네,田中 ヒルネ,友達を児童霊に殺され、呪いながら入水死。,Drowned after friend was killed by child spirit.,아동 유령 탓에 친구를 잃어 저주를 퍼부으며 익사.,朋友被兒童靈殺害後，邊詛咒邊投水而死。,"享年１４歳
",Age : 14,"향년 14세
",享年14歲
29,5,愛染中学校,Aizome Junior High School,아이조메중학교,愛染中學校,Ⅱ-2,Class Ⅱ-2,Ⅱ-2,Ⅱ-2,隈崎 舞,Mai Kumasaki,쿠마사키 마이,隈崎 舞,児童霊に鋏で刺され眠るように逝く。,Stabbed by child spirit with scissors; slowly slipped away into death.,아동 유령에게 가위로 찔려 잠자듯 명을 달리한다.,被兒童靈用剪刀刺中，如沉睡般離世。,"享年１４歳
",Age : 14,"향년 14세
",享年14歲
30,5,愛染中学校,Aizome Junior High School,아이조메중학교,愛染中學校,Ⅲ-3,Class Ⅲ-3,Ⅲ-3,Ⅲ-3,篠宮 トシミ,Toshimi Shinomiya,시노미야 토시미,篠宮 トシミ,天神小に取材に来た。後世に珠玉の作品を残す。,Came to Heavenly Host for data collection. Left magnum opus for posterity. Died when cranium was split open with blunt instrument.,텐진초에 취재를 나왔다. 후세에 주옥같은 작품을 남긴다.,前來天神小學採訪。為後世留下珠玉之作。後遭鈍器擊碎頭蓋骨死亡。,"失踪時１５歳
",Age : 15,"실종 시 15세
",失蹤時15歲
31,4,愛染中学校,Aizome Junior High School,아이조메중학교,愛染中學校,Ⅰ-2,Class Ⅰ-2,Ⅰ-2,Ⅰ-2,田中 星子,Seiko Tanaka,타나카 세이코,田中 星子,別館への渡り廊下で取り憑かれ精神崩壊。,Possessed while passing to second wing; suffered mental collapse.,별관으로 이어진 복도에서 빙의를 당해 정신 붕괴.,在通往別館的走廊上被附身導致精神崩潰。,"享年１３歳
",Age : 13,"향년 13세
",享年13歲
32,5,愛染中学校,Aizome Junior High School,아이조메중학교,愛染中學校,Ⅲ-4,Class Ⅲ-4,Ⅲ-4,Ⅲ-4,田村 すのこ,Sunoko Tamura,타무라 스노코,田村 すのこ,扉に首を挟まれ頭部切断、即死。,Door closed forcefully on neck; beheaded.,목이 문에 끼어 두부 절단、즉사.,脖子被門夾住導致頭部斷裂，當場死亡。,"享年１５歳
",Age : 15,"향년 15세
",享年15歲
34,2,武蔵川女子中学校,"Musashigawa Girls' Middle
School",무사시가와여자중학교,武藏川女子中學校,Ⅰ-2,Class Ⅰ-2,Ⅰ-2,Ⅰ-2,桐上 ひかり,Hikari Kirigami,키리가미 히카리,桐上 ひかり,怪我による失血死。,Bled out from injuries.,부상으로 인한 실혈사.,因受傷導致失血死亡。,"享年１３歳
",Age : 13,"향년 13세
",享年13歲
35,5,武蔵川女子中学校,"Musashigawa Girls' Middle
School",무사시가와여자중학교,武藏川女子中學校,Ⅰ-4,Class Ⅰ-4,Ⅰ-4,Ⅰ-4,小笠原 奈那,Nana Ogasawara,오가사와라 나나,小笠原 奈那,舌を引き抜かれショック死。,Tongue removed; went into shock and died.,혀를 잡아 뽑혀 쇼크사.,舌頭被拔除導致休克死亡。,"享年１３歳
",Age : 13,"향년 13세
",享年13歲
36,5,武蔵川女子中学校,"Musashigawa Girls' Middle
School",무사시가와여자중학교,武藏川女子中學校,Ⅰ-4,Class Ⅰ-4,Ⅰ-4,Ⅰ-4,山瀬 千早,Chihaya Yamase,야마세 치하야,山瀬 千早,地下の一室で解体されバケツに詰め込まれる。,"Dissected in underground room and crammed in
bucket.",지하 단칸방에서 해체되어 양동이에 담기게 된다.,在地下室被肢解後裝入水桶中。,"享年１３歳
",Age : 13,"향년 13세
",享年13歲
37,5,武蔵川女子中学校,"Musashigawa Girls' Middle
School",무사시가와여자중학교,武藏川女子中學校,Ⅰ-6,Class Ⅰ-6,Ⅰ-6,Ⅰ-6,天戸屋 成,Nari Amatoya,아마토야 나리,天戸屋 成,名札のみ発見、生死不明。,Only a nametag was found. Exact circumstances of death unknown.,명찰만 발견、생사 불명.,只發現名牌，生死不明。,"失踪時１３歳
",Age : 13,"실종 시 13세
",失蹤時13歲
38,3,武蔵川女子中学校・高等部,Musashigawa Girls' High School,무사시가와여자중학교 고등부,武藏川女子中學校 高等部,Ⅱ-3,Class Ⅱ-3,Ⅱ-3,Ⅱ-3,成瀬 実香,Mika Naruse,나루세 미카,成瀬 実香,鈍器による打撃で頭蓋骨骨折。,Skull cracked open with blunt instrument.,둔기 타격으로 두개골 골절.,遭鈍器打擊導致頭蓋骨骨折。,"享年１７歳
",Age : 17,"향년 17세
",享年17歲
39,5,武蔵川女子中学校・高等部,Musashigawa Girls' High School,무사시가와여자중학교 고등부,武藏川女子中學校 高等部,Ⅱ-3,Class Ⅱ-3,Ⅱ-3,Ⅱ-3,風音 璃穏,Rio Kazane,카자네 리오,風音 璃穏,鈍器による打撃で頭部破裂。,Head completely smashed in with blunt instrument.,둔기 타격으로 두부 파열.,遭鈍器打擊導致頭部破裂。,"享年１７歳
",Age : 17,"향년 17세
",享年17歲
40,1,聖清女子学院,Seisei Academy for Girls,쇼세이여자학원,聖清女子學院,Ⅰ-2,Class Ⅰ-2,Ⅰ-2,Ⅰ-2,藤原 恋都,Koito Fujiwara,후지와라 코이토,藤原 恋都,鈍器による打撃で頭蓋骨骨折、死亡。,Skull cracked open with blunt instrument.,둔기 타격으로 두개골 골절、사망.,遭鈍器打擊導致頭蓋骨骨折而死亡。,"享年１５歳
",Age : 15,"향년 15세
",享年15歲
41,1,聖清女子学院,Seisei Academy for Girls,쇼세이여자학원,聖清女子學院,Ⅰ-2,Class Ⅰ-2,Ⅰ-2,Ⅰ-2,三上 ゆずは,Yuzuha Mikami,미카미 유즈하,三上 ゆずは,鈍器による打撃で胸部骨折の後死亡。,Ribcage smashed in with blunt instrument.,둔기 타격으로 흉부 골절 후 사망.,遭鈍器打擊導致胸部骨折後死亡。,"享年１６歳
",Age : 16,"항년 16세
",享年16歲
42,1,聖清女子学院,Seisei Academy for Girls,쇼세이여자학원,聖清女子學院,Ⅰ-2,Class Ⅰ-2,Ⅰ-2,Ⅰ-2,東雲 沙紗,Sasha Shinonome,시노노메 사샤,東雲 沙紗,鈍器による打撃で胸部骨折の後死亡。,Ribcage smashed in with blunt instrument.,둔기 타격으로 흉부 골절 후 사망.,遭鈍器打擊導致胸部骨折後死亡。,"享年１６歳
",Age : 16,"항년 16세
",享年16歲
43,1,聖清女子学院,Seisei Academy for Girls,쇼세이여자학원,聖清女子學院,Ⅰ-2,Class Ⅰ-2,Ⅰ-2,Ⅰ-2,加東 あすか,Asuka Kato,카토 아스카,加東 あすか,鈍器による打撃で頭蓋骨骨折、死亡。,Skull cracked open with blunt instrument.,둔기 타격으로 두개골 골절、사망.,遭鈍器打擊導致頭蓋骨骨折而死亡。,"享年１６歳
",Age : 16,"항년 16세
",享年16歲
44,3,聖清女子学院,Seisei Academy for Girls,쇼세이여자학원,聖清女子學院,Ⅱ-3,Class Ⅱ-3,Ⅱ-3,Ⅱ-3,藤原 涼子,Ryoko Fujiwara,후지와라 료코,藤原 涼子,妹の亡骸から手紙を発見、涙しながら餓死。,Found note with little sister's remains;  starved to death while mourning.,여동생의 유해에서 편지를 발견、울면서 아사.,在妹妹的遺體旁發現信件，邊流淚邊餓死。,"享年１７歳
",Age : 17,"향년 17세
",享年17歲
45,5,聖清女子学院,Seisei Academy for Girls,쇼세이여자학원,聖清女子學院,Ⅱ-3,Class Ⅱ-3,Ⅱ-3,Ⅱ-3,御園 彩菜,Ayana Misono,미소노 아야나,御園 彩菜,想い人と共に、眠るように逝く。,Died in sleep alongside beloved.,사랑하는 사람과 함께 잠자듯 명을 달리한다.,與心上人一同如沉睡般離世。,"享年１７歳
",Age : 17,"향년 17세
",享年17歲
46,1,美里市立 彦糸高等学校,Misato Municipal Brotherhood High,미사토시립 히코이토고등학교,美里市立彥糸高等學校,3年4組,Class 3-4,3학년 4반,3年4班,篠原 嘉幸,Yoshiyuki Shinohara,시노하라 요시유키,篠原 嘉幸,校舎内トラップによって失血死。,Caught in trap; bled out.,교사 내 트랩에 걸려 실혈사.,在校舍內中陷阱導致失血死亡。,"享年１８歳
",Age : 18,"향년 18세
",享年18歲
47,1,美里市立 彦糸高等学校,Misato Municipal Brotherhood High,미사토시립 히코이토고등학교,美里市立彥糸高等學校,3年6組,Class 3-6,3학년 6반,3年6班,愛知 心,Shin Aichi,아이치 신,愛知 心,教室に閉じ込められ餓死。,Trapped in classroom; starved to death.,교실에 갇혀 아사.,被關在教室中餓死。,"享年１７歳
",Age : 17,"향년 17세
",享年17歲
48,5,美里市立 彦糸高等学校,Misato Municipal Brotherhood High,미사토시립 히코이토고등학교,美里市立彥糸高等學校,2年4組,Class 2-4,2학년 4반,2年4班,紅星 黒白,Kokuhaku Akaboji,아카보시 코쿠하쿠,紅星 黒白,呪詛に蝕まれ消滅死。,Consumed by curse; faded from existence.,저주에 걸려 소멸사.,遭詛咒侵蝕而消滅死亡。,"享年１６歳
",Age : 16,"항년 16세
",享年16歲
49,4,美里市立 彦糸高等学校,Misato Municipal Brotherhood High,미사토시립 히코이토고등학교,美里市立彥糸高等學校,2年4組,Class 2-4,2학년 4반,2年4班,三崎 由真,Yuma Misaki,미사키 유마,三崎 由真,背後より凶器で首を刺され死亡。,Neck slit from behind.,배후로부터 흉기로 목을 찔려 사망.,從背後遭凶器刺中脖子而死亡。,"享年１７歳
",Age : 17,"향년 17세
",享年17歲
50,3,美里市立 彦糸高等学校,Misato Municipal Brotherhood High,미사토시립 히코이토고등학교,美里市立彥糸高等學校,2年4組,Class 2-4,2학년 4반,2年4班,神楽坂 秋彦,Akihiko Kagurazaka,카구라자카 아키히코,神楽坂 秋彦,腹部損傷による失血死。,Suffered severe injury to abdomen; bled out.,복부 손상으로 실혈사.,因腹部損傷導致失血死亡。,"享年１７歳
",Age : 17,"향년 17세
",享年17歲
51,4,美里市立 彦糸高等学校,Misato Municipal Brotherhood High,미사토시립 히코이토고등학교,美里市立彥糸高等學校,2年4組,Class 2-4,2학년 4반,2年4班,水姫 ともえ,Tomoe Mizuki,미즈키 토모에,水姫 ともえ,天神小の外の樹海に迷い込み行方不明。,Last seen entering woods outside school building; whereabouts unknown.,텐진초 밖 수해에 말려들어 행방불명.,在天神小學外的樹海中迷路而失蹤。,"生死不明
",Death unconfirmed.,"생사 불명
",生死不明
52,3,美里市立 彦糸高等学校,Misato Municipal Brotherhood High,미사토시립 히코이토고등학교,美里市立彥糸高等學校,2年4組,Class 2-4,2학년 4반,2年4班,須藤 八斗,Hatto Sudo,스도우 핫토,須藤 八斗,友人を庇い、頭蓋骨を割られ死亡。,Took blow to head for friend; skull split open.,친구를 감싸다 두개골이 깨져 사망.,為了保護朋友而頭蓋骨被擊碎死亡。,"享年１７歳
",Age : 17,"향년 17세
",享年17歲
53,3,美里市立 彦糸高等学校,Misato Municipal Brotherhood High,미사토시립 히코이토고등학교,美里市立彥糸高等學校,2年4組,Class 2-4,2학년 4반,2年4班,大瀧 光春,Mitsuharu Ohtaki,오오타키 미츠하루,大瀧 光春,黒化して死亡。,Succumbed to darkening and died in anguish.,흑화로 인해 사망.,黑化後死亡。,"享年１７歳
",Age : 17,"향년 17세
",享年17歲
54,3,美里市立 彦糸高等学校,Misato Municipal Brotherhood High,미사토시립 히코이토고등학교,美里市立彥糸高等學校,2年4組,Class 2-4,2학년 4반,2年4班,萩原 海音,Kain Hagiwara,하기와라 카인,萩原 海音,鋏でアキレス腱を切断され失血死。,Achilles tendon severed with scissors; bled out.,가위로 아킬레스건을 잘려 실혈사.,腳跟腱被剪刀切斷導致失血死亡。,"享年１６歳
",Age : 16,"항년 16세
",享年16歲
55,3,白楼第三中学校,Hakuro #3 Junior High School,하쿠로우 제3중학교,白樓第三中學校,Ⅲ-5,Class Ⅲ-5,Ⅲ-5,Ⅲ-5,粕谷 真央,Mao Kashiwatani,카시와타니 마오,粕谷 真央,友人を捜して校内を彷徨ううちに餓死。,Starved to death while searching for friends.,친구를 찾아 교내를 방황하다 아사.,在尋找朋友而於校內徘徊的過程中餓死。,"享年１５歳
",Age : 15,"향년 15세
",享年15歲
56,4,白楼第三中学校,Hakuro #3 Junior High School,하쿠로우 제3중학교,白樓第三中學校,Ⅲ-5,Class Ⅲ-5,Ⅲ-5,Ⅲ-5,前花 陽介,Yohsuke Maebana,마에바나 요스케,前花 陽介,友人を捜して校内を彷徨ううちに餓死。,Starved to death while searching for friends.,친구를 찾아 교내를 방황하다 아사.,在尋找朋友而於校內徘徊的過程中餓死。,"享年１５歳
",Age : 15,"향년 15세
",享年15歲
57,3,白楼第三中学校,Hakuro #3 Junior High School,하쿠로우 제3중학교,白樓第三中學校,Ⅲ-5,Class Ⅲ-5,Ⅲ-5,Ⅲ-5,鶴田 祐紀,Yuuki Tsuruta,츠루타 유우키,鶴田 祐紀,妹を捜して校内を彷徨ううちに餓死。,Starved to death while searching for little sister.,여동생을 찾아 교내를 방황하다 아사.,在尋找妹妹而於校內徘徊的過程中餓死。,"享年１５歳
",Age : 15,"향년 15세
",享年15歲
58,5,白楼第三中学校,Hakuro #3 Junior High School,하쿠로우 제3중학교,白樓第三中學校,Ⅱ-2,Class Ⅱ-2,Ⅱ-2,Ⅱ-2,禍奈木 水桜,Mio Kanaki,카나키 미오,禍奈木 水桜,先に監禁された兄を捜すも、力尽き餓死。,"Starved to death after desperate search for
big brother.",먼저 감금된 오빠를 찾아다니다 진이 빠져 사망.,四處尋找被監禁的哥哥，最終體力耗盡而餓死。,"享年１４歳
",Age : 14,"향년 14세
",享年14歲
59,4,白楼第三中学校,Hakuro #3 Junior High School,하쿠로우 제3중학교,白樓第三中學校,Ⅲ-5,Class Ⅲ-5,Ⅲ-5,Ⅲ-5,黒山 古都ゑ,Kotowe Kuroyama,쿠로야마 코토에,黒山 古都ゑ,何者かに吊るされ衰弱死。,Hanged by unknown assailant.,누군가에게 몸을 매달려 쇠약사.,遭不明人士懸吊導致衰竭死亡。,"享年１５歳
",Age : 15,"향년 15세
",享年15歲
60,4,白楼第三中学校,Hakuro #3 Junior High School,하쿠로우 제3중학교,白樓第三中學校,Ⅰ-4,Class Ⅰ-4,Ⅰ-4,Ⅰ-4,鶴田 津加早,Tsukasa Tsuruta,츠루타 츠카사,鶴田 津加早,兄を捜して水練場で力尽きる。,Collapsed into pool while searching for big brother.,오빠를 찾아다니다 수영장에서 힘이 다한다.,在尋找哥哥的過程中於游泳池體力耗盡。,"享年１３歳
",Age : 13,"향년 13세
",享年13歲
61,3,聖マリアンヌ大学付属高等部,St. Maryanne University High School,성마리안느 대학부속고등부,聖瑪麗安娜大學附屬高等部,2年1組,Class 2-1,2학년 1반,2年1班,杉井 恵,Megumi Sugii,스기이 메구미,杉井 恵,友達を捜すも力尽きて餓死。,"Starved to death after desperate search for
friend.",친구를 찾아다니다 진이 빠져 사망.,四處尋找朋友，最終體力耗盡而餓死。,"享年１７歳
",Age : 17,"향년 17세
",享年17歲
62,5,聖マリアンヌ大学付属高等部,St. Maryanne University High School,성마리안느 대학부속고등부,聖瑪麗安娜大學附屬高等部,2年1組,Class 2-1,2학년 1반,2年1班,西宮 ゆうき,Yuuki Nishimiya,니시미야 유우키,西宮 ゆうき,男児の霊に生き埋めにされて窒息死。,Buried alive by spirit of little boy; suffocated.,남자아이 유령에게 생매장 당해 질식사.,被男孩的靈體活埋導致窒息死亡。,"享年１７歳
",Age : 17,"향년 17세
",享年17歲
63,5,聖マリアンヌ大学付属高等部,St. Maryanne University High School,성마리안느 대학부속고등부,聖瑪麗安娜大學附屬高等部,2年1組,Class 2-1,2학년 1반,2年1班,桜陰 日向,Hinata Ouin,오우인 히나타,桜陰 日向,想い人と共に、眠るように逝く。,Died in sleep alongside beloved.,사랑하는 사람과 함께 잠자듯 명을 달리한다.,與心上人一同如沉睡般離世。,"享年１７歳
",Age : 17,"향년 17세
",享年17歲
64,5,桐章学園高等部,Paulownia Academy High School,토쇼학원고등부,桐章學園高等部,2年1組,Class 2-1,2학년 1반,2年1班,大上 さやか,Sayaka Ooue,오오우에 사야카,大上 さやか,一緒に来た七星を捜すも黒化して衰弱死。,Succumbed to darkening and faded while searching for companion、 Naho.,함께 온 나호를 찾아다니다 흑화하여 쇠약사.,在尋找同行的七星時黑化導致衰竭死亡。,"享年１７歳
",Age : 17,"향년 17세
",享年17歲
65,5,桐章学園高等部,Paulownia Academy High School,토쇼학원고등부,桐章學園高等部,2年1組,Class 2-1,2학년 1반,2年1班,冴之木 七星,Naho Saenoki,사에노키 나호,冴之木 七星,黒化して意識を失った後に衰弱死。精神は分離した。,Succumbed to darkening、 lost consciousness and faded away. Spirit lived on.,흑화하여 의식을 잃은 후 쇠약사. 정신은 분리되었다.,黑化後失去意識並衰竭死亡。精神與肉體分離。,"享年１７歳
",Age : 17,"향년 17세
",享年17歲
66,5,聖マリアンヌ大学付属高等部,St. Maryanne University High School,성마리안느 대학부속고등부,聖瑪麗安娜大學附屬高等部,2年1組,Class 2-1,2학년 1반,2年1班,城崎 火也,Kaya Kizaki,키자키 카야,城崎 火也,最期まで笑顔を絶やさず友人を励ましていた。,Comforted friend with smiles and optimism until dying breath. Eventually withered away.,끝까지 미소를 잃지 않고 친구를 감싸주었다.,直到最後一刻都面帶笑容鼓勵著朋友。最終衰竭而死。,"享年１７歳
",Age : 17,"향년 17세
",享年17歲
67,3,とおのべ小学校,Distant Futures Elementary School,토오노베초등학교,遠邊小學校,4年3組,Class 4-3,4학년 3반,4年3班,幸村 叶,Kanau Sachimura,사치무라 카나우,幸村 叶,脱水症状による衰弱死。,Withered away from dehydration.,탈수 증세로 인한 쇠약사.,因脫水症狀導致衰竭死亡。,"享年９歳
",Age : 9,"향년 9세
",享年9歲
68,4,とおのべ小学校,Distant Futures Elementary School,토오노베초등학교,遠邊小學校,4年3組,Class 4-3,4학년 3반,4年3班,斎藤 神月,Kanzuki Saito,사이토 칸즈키,斎藤 神月,水練場で足を滑らせ、頭部損傷により溺死。,"Lost footing near pool; hit head、 fell in and
drowned.",수영장에서 미끄러져 두부 손상으로 인해 익사.,在游泳池滑倒，頭部受傷後溺水死亡。,"享年９歳
",Age : 9,"향년 9세
",享年9歲
69,5,白楼第三中学校,Hakuro #3 Junior High School,하쿠로우 제3중학교,白樓第三中學校,Ⅰ-4,Class Ⅰ-4,Ⅰ-4,Ⅰ-4,水野 拓史,Takuji Mizuno,미즈노 타쿠시,水野 拓史,想い人と共に、眠るように逝く。,Died in sleep alongside beloved.,사랑하는 사람과 함께 잠자듯 명을 달리한다.,與心上人一同如沉睡般離世。,"享年１３歳
",Age : 13,"향년 13세
",享年13歲
70,4,私立柴神高校,"Shibagami Private Senior
High School",사립시바가미고교,私立柴神高校,1年A組,Class 1-A,1학년 A반,1年A班,六原 万里,Mari Rokuhara,로쿠하라 마리,六原 万里,殺されるより、自ら命を絶つことを選択。,Attacked from behind while searching for friends.,죽임을 당하느니 자기 목숨을 끊는 길을 선택.,與其被殺，選擇自行了斷生命。,"享年１６歳
",Age : 16,"항년 16세
",享年16歲
71,4,私立柴神高校,"Shibagami Private Senior
High School",사립시바가미고교,私立柴神高校,1年A組,Class 1-A,1학년 A반,1年A班,上乗 美月,Mitsuki Kamijou,카미죠 미츠키,上乗 美月,背後から襲われ水中に投げ込まれる。,Accosted from behind and thrown into pool.,배후로부터 습격을 당해 물에 빠진다.,從背後遭襲擊並被丟入水中。,"享年１６歳
",Age : 16,"항년 16세
",享年16歲
72,5,私立柴神高校,"Shibagami Private Senior
High School",사립시바가미고교,私立柴神高校,1年A組,Class 1-A,1학년 A반,1年A班,矢野 かげみ,Kagemi Yano,야노 카게미,矢野 かげみ,首を絞められ窒息死。,Strangled to death.,목을 졸려 질식사.,被勒住脖子導致窒息死亡。,"享年１６歳
",Age : 16 ,"항년 16세
",享年16歲
73,5,尼咲市立西高等学校,Amazaki West Senior Private School,아마자키시립서고등학교,尼咲市立西高等學校,2年2組,Class 2-2,2학년 2반,2年2班,流山 誠,Makoto Nagareyama,나가레야마 마코토,流山 誠,寂しくて死亡。,Died of loneliness.,쓸쓸해서 사망.,因孤獨而死。,"享年１７歳
",Age : 17,"향년 17세
",享年17歲
74,5,聖清女子学院,Seisei Academy for Girls,쇼세이여자학원,聖清女子學院,臨時教員,Class II-3,임시교원,臨時教師,ﾀｶﾔﾅｰｷﾞ博士,Kazunari Takayanagi,타카야나기 박사,ﾀｶﾔﾅｰｷﾞ博士,白衣と眼鏡を輝かせ、教鞭を振るい続けた人気教師。,"A popular fop of a teacher、 with white suit and spectacles complemented by a gentleman's
cane. Abdomen hollowed out with knife; died
of shock.",백의를 걸치고 안경을 빛내며 교편을 휘두르던 인기 교사.,身穿白衣、眼鏡閃耀，持續揮舞教鞭的人氣教師。腹部遭刀挖空，休克而死。,"享年２５歳
",Age : 25,"향년 25세
",享年25歲
75,5,聖清女子学院,Seisei Academy for Girls,쇼세이여자학원,聖清女子學院,新聞部顧問,Class II-3,신문부 고문,新聞部顧問,藤本 徹,Tohru Fujimoto,후지모토 토오루,藤本 徹,"羽ばたく学院女子達のプロモーションを、
大きな愛で支え続けた。",A staunch supporter of the Academy's students. Always encouraged them to spread their wings. Died of beheading.,학원 여학생들의 성장을 큰 사랑으로 받쳐 주었다.,以滿滿的愛支持著展翅高飛的學院女孩們。遭斬首而死。,"享年２７歳
",Age : 27,"향년 27세
",享年27歲
76,5,聖清女子学院,Seisei Academy for Girls,쇼세이여자학원,聖清女子學院,音楽教師,Class II-3,음악교사,音樂教師,濱田 智之,Tomoyuki Hamada,하마다 토모유키,濱田 智之,学院の音楽授業を担当。生徒の告白が後を絶たなかった。,Head of the music department at the Academy. Constantly fantasized about by students. Legs amputated; died of blood loss.,학원의 음악 수업을 담당. 학생들의 고백이 끊이지 않았다.,負責學院的音樂課程。學生的告白從未間斷。雙腿被截肢，失血而死。,"享年２３歳
",Age : 23,"향년 23세
",享年23歲
77,5,聖清女子学院,Seisei Academy for Girls,쇼세이여자학원,聖清女子學院,新聞部副顧問,Class II-3,신문부 부고문,新聞部副顧問,森田 恭司,Yasuji Morita,모리타 야스시,森田 恭司,学院きっての敏腕ライター。常に世界中に飛び回っていた。,The Academy's most talented writer. Frequently traveled to other countries. Wandered until legs gave out; died of exhaustion.,학원에서 제일가는 민완 작가. 항상 전 세계를 돌아다녔다.,學院首屈一指的幹練記者。經常奔波於世界各地。徘徊至雙腿無力，衰竭而死。,"享年２０歳
",Age : 20,"향년 20세
",享年20歲
78,5,聖マリアンヌ大学付属高等部,St. Maryanne University High School,성마리안느 대학부속고등부,聖瑪麗安娜大學附屬高等部,教頭,Class 2-1,교감,教務主任,野村Ｐ 泰彦,Yasuhiko Nomura,노무라P 야스히코,野村Ｐ 泰彦,ユーザーに感謝と言い残し泣きながら死亡。,Adored both school and students. Kept countless mementos of his time as teacher. Died of beheading.,유저에게 감사의 말을 남기고는 울면서 사망.,留下對使用者的感謝之詞，邊哭邊死去。,"享年２５歳
",Age : 25,"향년 25세
",享年25歲
79,5,聖マリアンヌ大学付属高等部,St. Maryanne University High School,성마리안느 대학부속고등부,聖瑪麗安娜大學附屬高等部,茶道部顧問,Class 2-1,다도부 고문,茶道部顧問,西村Ｄ 卓也,Takuya Nishimura,니시무라D 타쿠야,西村Ｄ 卓也,和の心を愛した茶人、凛とした佇まいに人気があった。,A practitioner of flower ceremony、 and a lover of harmony and peace. Renowned for quiet sophistication. Died of stab wounds to abdomen.,조화의 마음을 사랑한 다인、의연한 분위기로 인기를 끌었다.,熱愛和之心的茶人，凜然姿態深受歡迎。腹部遭刺傷而死。,"享年２５歳
",Age : 25,"향년 25세
",享年25歲
80,5,美里市立 彦糸高等学校,Misato Municipal Brotherhood High,미사토시립 히코이토고등학교,美里市立彥糸高等學校,2年4組,Class 2-4,2학년 4반,2年4班,藤井 剣,Ken Fujii,후지이 켄,藤井 剣,児童霊に鋏で刺され、失血死。,Stabbed with scissors by child spirit; bled out.,아동 유령에게 가위로 찔려 실혈사.,被兒童靈用剪刀刺中，失血死亡。,"享年１７歳
",Age : 17,"향년 17세
",享年17歲
81,5,聖マリアンヌ大学付属高等部,St. Maryanne University High School,성마리안느 대학부속고등부,聖瑪麗安娜大學附屬高等部,2年1組,Class 2-1,2학년 1반,2年1班,吾妻 つたや,Tsutaya Azuma,아즈마 츠타야,吾妻 つたや,死体の溶けたプールで溺死。,Drowned in pool of decomposing corpses.,사체가 녹아든 풀에 빠져 익사.,在溶有屍體的池中溺水死亡。,"享年１７歳
",Age : 17,"향년 17세
",享年17歲
82,5,私立柴神高校,"Shibagami Private Senior
High School",사립시바가미고교,私立柴神高校,2年1組,Class 2-1,2학년 1반,2年1班,熊川 亮人,Ryoto Kumakawa,쿠마카와 료토,熊川 亮人,友人を庇い、鈍器で強打され死亡。,Took hit from blunt instrument for friend; died of injuries.,친구를 감싸다 둔기로 강한 타격을 받아 사망.,為了保護朋友而遭鈍器重擊死亡。,"享年１７歳
",Age : 17,"향년 17세
",享年17歲
83,5,聖マリアンヌ大学付属高等部,St. Maryanne University High School,성마리안느 대학부속고등부,聖瑪麗安娜大學附屬高等部,2年1組,Class 2-1,2학년 1반,2年1班,岡田 真里名,Marina Okada,오카다 마리나,岡田 真里名,最期まで笑顔を絶やさず友人を励ましていた。,Comforted friend with smiles and optimism until dying breath. Eventually withered away.,끝까지 미소를 잃지 않고 친구를 감싸주었다.,直到最後一刻都面帶笑容鼓勵著朋友。最終衰竭而死。,"享年１７歳
",Age : 17,"향년 17세
",享年17歲
84,5,私立柴神高校,"Shibagami Private Senior
High School",사립시바가미고교,私立柴神高校,2年1組,Class 2-1,2학년 1반,2年1班,榊原 有紀,Yuki Sakakibara,사카키바라 유키,榊原 有紀,最期まで友人を信じ続けた。,Believed in power of friendship until dying breath. Eventually dehydrated.,친구를 끝까지 믿었다.,直到最後一刻都持續相信朋友。最終脫水而死。,"享年１７歳
",Age : 17,"향년 17세
",享年17歲
85,5,私立柴神高校,"Shibagami Private Senior
High School",사립시바가미고교,私立柴神高校,2年1組,Class 2-1,2학년 1반,2年1班,大神 伊鶴,Izuru Ohkami,오오카미 이즈루,大神 伊鶴,脱水症状による衰弱死。,Withered away from dehydration.,탈수 증세로 인한 쇠약사.,因脫水症狀導致衰竭死亡。,"享年１７歳
",Age : 17,"향년 17세
",享年17歲
86,5,白楼第三中学校,Hakuro #3 Junior High School,하쿠로우 제3중학교,白樓第三中學校,Ⅲ-5,Class Ⅲ-5,Ⅲ-5,Ⅲ-5,梨本 琴美,Kotomi Nashimoto,나시모토 코토미,梨本 琴美,蘇生魔法と称して仲間のもろとも手首を切り失血死。,"Slit wrists along with friends under pretense
of performing reincarnation ritual; bled out.",소생마법인 척하고 자신은 물론 친구들의 손목까지 그어 실혈사.,以復活魔法為名，與同伴一同割腕導致失血死亡。,"享年１５歳
",Age : 15,"향년 15세
",享年15歲
